Year,Lending interest rate (%)
1994,7.138333333
1995,8.829166667
1996,8.270833333
1997,8.441666667
1998,8.354166667
1999,7.994166667
2000,9.233333333
2001,6.921666667
2002,4.675
2003,4.1225
2004,4.34
2005,6.189166667
2006,7.9575
2007,8.05
2008,5.0875
2009,3.25
2010,3.25
2011,3.25
2012,3.25
2013,3.25
2014,3.25
2015,3.26
2016,3.511666667
2017,4.096666667
2018,4.904166667
